,predict,true
0,2986.890380859375,2978.71
1,2988.830078125,2977.33
2,2981.66943359375,2938.14
3,2970.48095703125,2939.62
4,2951.416259765625,2954.38
5,2947.602783203125,2941.62
6,2943.8095703125,2940.92
7,2938.94287109375,2954.93
8,2941.34521484375,2980.05
9,2960.692626953125,2954.18
10,2963.486328125,2939.32
11,2955.223876953125,2929.06
12,2948.5341796875,2958.2
13,2947.69873046875,2975.49
14,2961.644287109375,2991.56
15,2975.556884765625,2978.6
16,2979.58203125,2978.71
17,2978.22802734375,2964.18
18,2979.08935546875,2909.97
19,2953.84814453125,2914.82
20,2930.728759765625,2905.24
21,2918.553466796875,2909.87
22,2911.98779296875,2891.34
23,2903.802001953125,2909.2
24,2900.350830078125,2933.99
25,2910.3623046875,2911.05
26,2912.88037109375,2903.64
27,2905.338134765625,2885.29
28,2904.55322265625,2906.17
29,2906.298095703125,2907.06
30,2909.84423828125,2903.19
31,2904.676513671875,2889.69
32,2896.72998046875,2871.98
33,2885.04833984375,2875.81
34,2881.503662109375,2884.7
35,2877.070556640625,2878.12
36,2875.731689453125,2899.47
37,2885.1357421875,2912.01
38,2893.99169921875,2914.48
39,2905.7841796875,2917.32
40,2912.625732421875,2924.42
41,2920.854736328125,2915.7
42,2921.21435546875,2967.68
43,2945.999755859375,2984.39
44,2966.090087890625,3022.42
45,3003.685791015625,3017.04
46,3020.25830078125,3017.07
47,3023.57666015625,3004.94
48,3025.140380859375,2962.75
49,3007.88427734375,2982.68
50,2991.7734375,2981.88
51,2989.752197265625,3007.35
52,2995.010009765625,3005.04
53,3013.349609375,3040.02
54,3025.736328125,3050.12
55,3041.031982421875,3085.2
56,3076.125732421875,3083.79
57,3088.991943359375,3083.41
58,3102.541748046875,3104.8
59,3112.464599609375,3066.89
60,3108.368896484375,3094.88
61,3105.8125,3092.29
62,3103.510009765625,3115.57
63,3106.125732421875,3106.82
64,3116.174560546875,3090.04
65,3108.275390625,3074.08
66,3100.402099609375,3075.5
67,3092.90869140625,3095.79
68,3095.641845703125,3052.14
69,3087.5966796875,3060.75
70,3073.083740234375,2976.53
71,3049.1240234375,2746.61
72,2898.1748046875,2783.29
73,2826.46142578125,2818.09
74,2825.793212890625,2866.51
75,2855.028076171875,2875.96
76,2869.587890625,2890.49
77,2887.287109375,2901.67
78,2905.74462890625,2926.9
79,2919.549560546875,2906.07
80,2930.992431640625,2917.01
81,2931.326416015625,2983.62
82,2963.3212890625,2984.97
83,2987.515380859375,2975.4
84,2999.7607421875,3030.15
85,3023.51220703125,3039.67
86,3052.419677734375,3031.23
87,3061.016845703125,3013.05
88,3054.717041015625,2987.93
89,3053.134521484375,2991.33
90,3037.245361328125,2880.3
91,2993.2373046875,2970.93
92,2978.788330078125,2992.9
93,3017.09033203125,3011.67
94,3023.12841796875,3071.68
95,3066.947509765625,3034.51
96,3071.271240234375,2943.29
97,3041.475341796875,2996.76
98,3018.897705078125,2968.52
99,3018.59423828125,2923.49
100,2984.620849609375,2887.43
101,2937.47900390625,2789.25
102,2898.930908203125,2779.64
103,2850.226318359375,2728.76
104,2812.56005859375,2702.13
105,2768.89404296875,2745.62
106,2753.55078125,2660.17
107,2725.525390625,2722.44
108,2720.6376953125,2781.59
109,2761.156494140625,2764.91
110,2773.10791015625,2772.2
111,2787.00537109375,2747.21
112,2777.599365234375,2750.3
113,2773.0703125,2734.52
114,2767.7763671875,2780.64
115,2767.6357421875,2763.99
116,2773.37890625,2820.76
117,2807.98193359375,2815.37
118,2819.238037109375,2825.9
119,2832.869873046875,2796.63
120,2831.0673828125,2783.05
121,2810.627685546875,2827.28
122,2815.849853515625,2811.17
123,2824.833740234375,2819.94
124,2823.681884765625,2838.49
125,2843.155517578125,2852.55
126,2851.643798828125,2827.01
127,2850.2666015625,2843.98
128,2847.121337890625,2838.5
129,2857.541748046875,2808.53
130,2846.9169921875,2815.49
131,2836.747314453125,2810.02
132,2831.66064453125,2822.44
133,2827.37890625,2860.08
134,2849.066650390625,2878.14
135,2864.06884765625,2871.52
136,2876.494873046875,2895.34
137,2892.983154296875,2894.8
138,2903.91748046875,2891.56
139,2901.21875,2898.05
140,2900.341064453125,2870.34
141,2895.53759765625,2868.46
142,2888.629638671875,2875.42
143,2891.295654296875,2898.58
144,2898.146240234375,2883.74
145,2898.8984375,2867.92
146,2893.960693359375,2813.77
147,2870.697998046875,2817.97
148,2844.137451171875,2846.55
149,2843.1591796875,2836.8
150,2848.730224609375,2846.22
151,2850.7734375,2852.35
152,2854.7939453125,2915.43
153,2889.34619140625,2921.4
154,2913.72216796875,2923.37
155,2931.731689453125,2919.25
156,2935.26513671875,2930.8
157,2938.11328125,2937.77
158,2948.503662109375,2956.11
159,2953.275634765625,2943.75
160,2954.475341796875,2920.9
161,2951.746826171875,2919.74
162,2936.929443359375,2890.03
163,2929.242919921875,2931.75
164,2932.857421875,2935.87
165,2940.671630859375,2939.32
166,2947.808349609375,2967.63
167,2963.8134765625,2965.27
168,2978.628173828125,2970.62
169,2977.762939453125,2979.55
170,2983.980224609375,2961.52
171,2981.6513671875,2984.67
172,2986.67333984375,3025.98
173,3011.715087890625,3090.57
174,3061.590087890625,3152.81
175,3124.3828125,3332.88
176,3239.47607421875,3345.34
177,3344.290771484375,3403.44
178,3402.64599609375,3450.59
179,3463.98876953125,3383.3199999999997
180,3463.8330078125,3443.29
181,3473.39892578125,3414.6199999999994
182,3475.76220703125,3361.3
183,3452.3984375,3210.1
184,3381.8310546875,3214.13
185,3299.166748046875,3314.15
186,3308.92724609375,3320.8899999999994
187,3333.46337890625,3333.1600000000003
188,3350.10205078125,3325.1099999999997
189,3349.056640625,3196.77
190,3319.85498046875,3205.23
191,3264.510986328125,3227.96
192,3255.5556640625,3294.55
193,3273.72119140625,3286.82
194,3296.933349609375,3310.0100000000007
195,3313.7314453125,3367.97
196,3359.61474609375,3371.69
197,3393.018798828125,3377.56
198,3396.662841796875,3386.46
199,3409.518798828125,3354.04
200,3399.879638671875,3379.25
201,3401.504150390625,3340.29
202,3402.768310546875,3319.27
203,3371.68310546875,3320.73
204,3358.145751953125,3360.1
205,3360.9091796875,3438.8
206,3414.835205078125,3451.0900000000006
207,3445.938232421875,3408.13
208,3455.8544921875,3363.9
209,3425.308349609375,3380.68
210,3411.536865234375,3385.64
211,3405.337646484375,3373.58
212,3400.2392578125,3329.74
213,3381.59423828125,3350.11
214,3364.44775390625,3403.81
215,3382.537841796875,3395.68
216,3410.66796875,3410.6099999999997
217,3405.589111328125,3404.8
218,3413.59228515625,3384.98
219,3410.777099609375,3355.3699999999994
220,3379.304443359375,3292.5900000000006
221,3358.359130859375,3316.42
222,3341.760498046875,3254.6299999999997
223,3320.73779296875,3234.82
224,3297.572509765625,3260.3499999999995
225,3272.079345703125,3278.8099999999995
226,3276.73046875,3295.6799999999994
227,3278.41455078125,3283.9200000000005
228,3283.4130859375,3270.44
229,3279.50537109375,3338.0899999999997
230,3306.5830078125,3316.94
231,3320.612060546875,3274.3
232,3303.763427734375,3279.71
233,3290.41015625,3223.18
234,3268.867919921875,3219.42
235,3245.396240234375,3217.53
236,3231.005615234375,3224.36
237,3227.702880859375,3218.05
238,3220.876220703125,3272.08
239,3249.587646484375,3358.47
240,3296.2626953125,3359.75
241,3325.421875,3340.78
242,3336.447021484375,3332.18
243,3340.135498046875,3336.36
244,3339.925537109375,3312.67
245,3340.25439453125,3328.1
246,3324.3828125,3325.02
247,3324.4521484375,3312.5
248,3312.86083984375,3278.0
249,3302.70556640625,3251.1199999999994
250,3274.864501953125,3254.32
251,3260.519775390625,3269.24
252,3261.549072265625,3272.7299999999996
253,3260.667236328125,3224.53
254,3259.397705078125,3225.1200000000003
255,3249.6279296875,3271.07
256,3260.615478515625,3277.44
257,3266.177734375,3320.13
258,3293.189208984375,3312.16
259,3307.21142578125,3373.73
260,3349.117919921875,3360.1499999999996
261,3367.974365234375,3342.2
262,3366.423095703125,3338.68
263,3355.313232421875,3310.0999999999995
264,3338.440185546875,3346.97
265,3349.544189453125,3339.9000000000005
266,3353.311279296875,3347.3
267,3359.811767578125,3363.09
268,3360.903076171875,3377.73
269,3373.826416015625,3414.49
270,3411.57470703125,3402.8199999999997
271,3416.63623046875,3362.33
272,3414.764404296875,3369.73
273,3392.96435546875,3408.3100000000004
274,3404.4189453125,3391.76
275,3430.02197265625,3451.9400000000005
276,3437.26025390625,3449.3800000000006
277,3456.774658203125,3442.14
278,3458.516845703125,3444.58
279,3452.428955078125,3416.6
280,3446.818359375,3410.18
281,3432.224365234375,3371.96
282,3418.676025390625,3373.28
283,3400.212158203125,3347.19
284,3390.641357421875,3369.1200000000003
285,3378.582275390625,3367.2299999999996
286,3373.242919921875,3366.98
287,3372.93505859375,3404.8699999999994
288,3389.4619140625,3394.9
289,3403.534423828125,3420.5700000000006
290,3415.412353515625,3356.78
291,3411.022216796875,3382.3199999999997
292,3405.2958984375,3363.1100000000006
293,3396.284423828125,3396.5599999999995
294,3397.52783203125,3397.29
295,3410.650634765625,3379.04
296,3410.39794921875,3414.45
297,3413.847900390625,3473.0700000000006
298,3450.520751953125,3502.9600000000005
299,3488.881591796875,3528.68
300,3522.12939453125,3550.88
301,3548.674072265625,3576.2
302,3577.21337890625,3570.11
303,3585.49365234375,3531.5
304,3582.4208984375,3608.34
305,3588.3876953125,3598.6500000000005
306,3617.07861328125,3565.9
307,3605.748046875,3566.38
308,3595.1796875,3596.22
309,3597.743896484375,3566.38
310,3598.67138671875,3583.09
311,3590.34130859375,3621.2600000000007
312,3616.746337890625,3606.75
313,3621.684814453125,3624.2400000000002
314,3631.05322265625,3569.43
315,3612.035888671875,3573.34
316,3594.57373046875,3505.18
317,3560.66748046875,3483.07
318,3536.029296875,3505.28
319,3521.7001953125,3533.68
320,3528.02099609375,3517.3100000000004
321,3533.91552734375,3501.86
322,3523.509765625,3496.3299999999995
323,3526.4833984375,3532.45
324,3527.78125,3603.49
325,3557.10595703125,3655.09
326,3600.82763671875,3675.3599999999997
327,3658.976806640625,3696.17
328,3685.21142578125,3642.4399999999996
329,3714.35546875,3636.3599999999997
330,3691.9033203125,3564.08
331,3650.81396484375,3585.05
332,3635.653564453125,3509.0800000000004
333,3581.614990234375,3551.4
334,3572.18798828125,3508.5900000000006
335,3560.448486328125,3576.9
336,3566.826171875,3503.4899999999993
337,3560.01318359375,3501.99
338,3538.155517578125,3421.41
339,3521.76123046875,3359.29
340,3466.67919921875,3357.7400000000002
341,3420.682861328125,3436.83
342,3430.991455078125,3453.08
343,3452.670166015625,3419.9500000000003
344,3451.608154296875,3446.73
345,3454.628173828125,3445.55
346,3453.891357421875,3463.0699999999997
347,3467.051025390625,3404.66
348,3447.74169921875,3443.44
349,3452.72802734375,3411.51
350,3449.73779296875,3367.06
351,3426.077392578125,3363.5900000000006
352,3399.874755859375,3418.33
353,3411.1181640625,3435.2999999999997
354,3429.39208984375,3456.68
355,3444.026123046875,3441.9099999999994
356,3450.71435546875,3466.3300000000004
357,3463.68994140625,3484.3900000000003
358,3478.045166015625,3482.97
359,3483.2109375,3479.63
360,3489.900390625,3482.55
361,3499.9130859375,3450.68
362,3486.043212890625,3412.9499999999994
363,3468.162841796875,3396.47
364,3441.4072265625,3416.72
365,3428.18896484375,3398.99
366,3414.455810546875,3426.62
367,3422.66748046875,3477.55
368,3450.87548828125,3472.94
369,3471.947265625,3472.9300000000003
370,3472.82373046875,3465.1099999999997
371,3478.423583984375,3474.17
372,3479.795166015625,3441.17
373,3479.151611328125,3442.61
374,3462.0400390625,3457.07
375,3459.835205078125,3474.8999999999996
376,3472.91259765625,3446.8600000000006
377,3472.345947265625,3441.28
378,3470.845703125,3418.87
379,3469.734130859375,3427.99
380,3464.438720703125,3441.85
381,3458.193603515625,3462.75
382,3464.87744140625,3429.54
383,3457.854736328125,3490.38
384,3476.9423828125,3517.62
385,3506.653564453125,3529.01
386,3519.525634765625,3510.96
387,3522.78076171875,3506.94
388,3528.36865234375,3486.56
389,3520.714111328125,3497.2800000000007
390,3514.302734375,3581.3399999999997
391,3549.86376953125,3593.36
392,3584.757080078125,3608.8500000000004
393,3601.23828125,3600.78
394,3618.2333984375,3615.4800000000005
395,3625.028564453125,3624.71
396,3634.855712890625,3597.1399999999994
397,3634.164306640625,3584.21
398,3628.079833984375,3591.84
399,3618.35791015625,3599.5400000000004
400,3616.302490234375,3580.1100000000006
401,3610.349853515625,3591.4
402,3606.606689453125,3610.86
403,3618.01171875,3589.7500000000005
404,3625.13916015625,3556.56
405,3608.390625,3518.33
406,3579.724853515625,3525.6
407,3556.359375,3525.0999999999995
408,3548.26806640625,3529.1799999999994
409,3541.493408203125,3557.41
410,3557.80859375,3566.2199999999993
411,3571.51171875,3566.6500000000005
412,3581.133544921875,3607.5599999999995
413,3603.037353515625,3606.3699999999994
414,3616.1923828125,3573.18
415,3607.336181640625,3591.2
416,3600.661376953125,3588.7800000000007
417,3606.691650390625,3518.76
418,3577.119140625,3534.3200000000006
419,3560.453369140625,3530.26
420,3555.771240234375,3553.7200000000003
421,3556.73388671875,3525.5000000000005
422,3561.798828125,3524.0900000000006
423,3550.649169921875,3547.84
424,3573.56103515625,3566.52
425,3579.876953125,3528.5
426,3575.24755859375,3564.59
427,3575.525146484375,3539.3
428,3579.3251953125,3539.1199999999994
429,3565.605712890625,3536.79
430,3553.07275390625,3562.6599999999994
431,3571.544189453125,3574.73
432,3589.02880859375,3550.4
433,3598.3583984375,3467.4400000000005
434,3561.58251953125,3381.1799999999994
435,3513.165771484375,3361.5900000000006
436,3442.37646484375,3411.7200000000003
437,3434.247314453125,3397.36
438,3431.763671875,3464.2900000000004
439,3452.461669921875,3447.9899999999993
440,3470.540771484375,3477.22
441,3480.4150390625,3466.5499999999997
442,3487.341796875,3458.23
443,3485.118896484375,3494.63
444,3496.162109375,3529.93
445,3518.86962890625,3532.6200000000003
446,3545.20751953125,3524.74
447,3551.609130859375,3516.3000000000006
448,3553.078857421875,3517.3400000000006
449,3557.507568359375,3446.9799999999996
450,3536.657470703125,3485.29
451,3518.85791015625,3465.5499999999997
452,3511.1318359375,3427.3300000000004
453,3485.49658203125,3477.13
454,3492.308349609375,3514.47
455,3523.29296875,3540.38
456,3550.8359375,3501.66
457,3562.966796875,3522.16
458,3562.7099609375,3528.15
459,3580.494384765625,3543.94
460,3585.162841796875,3567.1000000000004
461,3620.9931640625,3597.04
462,3633.44384765625,3581.73
463,3653.22216796875,3621.8599999999997
464,3655.086669921875,3676.59
465,3689.900634765625,3675.19
466,3721.751953125,3693.13
467,3739.59912109375,3703.11
468,3765.118408203125,3715.3700000000003
469,3767.244873046875,3662.6
470,3756.002685546875,3656.22
471,3723.200927734375,3607.09
472,3711.2578125,3613.9700000000003
473,3679.4736328125,3628.49
474,3660.831787109375,3642.2200000000003
475,3693.07177734375,3613.0700000000006
476,3681.76904296875,3582.8299999999995
477,3666.72265625,3602.2199999999993
478,3648.61767578125,3536.2900000000004
479,3619.400146484375,3568.1700000000005
480,3602.95458984375,3592.1699999999996
481,3620.732177734375,3591.71
482,3624.441162109375,3546.94
483,3603.9931640625,3561.7599999999998
484,3587.048828125,3558.28
485,3581.04443359375,3572.3700000000003
486,3582.8154296875,3568.1400000000003
487,3585.1689453125,3593.15
488,3596.9951171875,3587.0
489,3605.708984375,3594.78
490,3614.44873046875,3582.6000000000004
491,3616.396728515625,3609.86
492,3615.190185546875,3597.64
493,3624.19482421875,3562.31
494,3609.724609375,3518.4200000000005
495,3586.29150390625,3547.3399999999997
496,3575.7705078125,3544.4800000000005
497,3575.83349609375,3505.6299999999997
498,3565.66796875,3498.54
499,3536.67431640625,3526.87
500,3540.914794921875,3491.5700000000006
501,3536.716796875,3498.63
502,3522.9345703125,3507.0000000000005
503,3522.554443359375,3492.46
504,3512.70751953125,3532.79
505,3526.803955078125,3539.1
506,3542.656494140625,3533.3
507,3549.37353515625,3521.79
508,3549.12890625,3537.3700000000003
509,3546.210205078125,3520.71
510,3548.025634765625,3560.37
511,3558.045166015625,3582.0800000000004
512,3580.916748046875,3589.0899999999997
513,3600.6240234375,3592.7
514,3607.406494140625,3584.18
515,3607.0869140625,3564.0900000000006
516,3595.349365234375,3562.6999999999994
517,3585.255615234375,3563.89
518,3592.255615234375,3576.8900000000003
519,3592.4619140625,3573.8400000000006
520,3598.980712890625,3607.43
521,3615.044921875,3589.3100000000004
522,3631.5458984375,3595.0900000000006
523,3632.64404296875,3637.57
524,3641.573486328125,3673.04
525,3678.938720703125,3666.3500000000004
526,3688.63427734375,3681.0799999999995
527,3711.64453125,3661.5299999999997
528,3698.422119140625,3647.6299999999997
529,3692.98681640625,3675.02
530,3695.899658203125,3632.36
531,3691.418212890625,3593.6
532,3668.69482421875,3625.13
533,3660.85986328125,3622.62
534,3662.291015625,3643.34
535,3663.066650390625,3618.05
536,3661.824462890625,3615.9700000000003
537,3647.4658203125,3630.11
538,3646.06689453125,3597.0
539,3635.839111328125,3619.1900000000005
540,3633.34375,3639.78
541,3648.52685546875,3632.33
542,3663.047119140625,3595.1799999999994
543,3654.647216796875,3586.08
544,3631.9912109375,3579.54
545,3636.5029296875,3593.52
546,3618.25830078125,3567.4399999999996
547,3612.067138671875,3597.4300000000003
548,3612.799560546875,3555.26
549,3608.552490234375,3521.26
550,3584.966796875,3541.6699999999996
551,3569.63525390625,3569.91
552,3584.139892578125,3558.18
553,3581.37353515625,3555.0599999999995
554,3586.687255859375,3522.5700000000006
555,3567.9814453125,3524.11
556,3548.788330078125,3433.06
557,3518.549072265625,3455.67
558,3487.8134765625,3394.25
559,3460.28857421875,3361.4400000000005
560,3428.764892578125,3429.58
561,3440.601806640625,3452.63
562,3453.5908203125,3479.9499999999994
563,3475.35009765625,3485.9100000000003
564,3493.187744140625,3462.95
565,3499.222900390625,3428.8800000000006
566,3476.67626953125,3446.0899999999997
567,3465.590576171875,3465.83
568,3473.1796875,3468.0399999999995
569,3478.811279296875,3490.7599999999998
570,3484.808349609375,3490.6100000000006
571,3497.408203125,3457.15
572,3490.68603515625,3489.15
573,3498.552978515625,3429.9600000000005
574,3503.639404296875,3451.41
575,3494.4638671875,3462.31
576,3485.935791015625,3488.83
577,3495.884521484375,3484.19
578,3497.526123046875,3481.11
579,3516.97314453125,3447.6499999999996
580,3502.745361328125,3372.8600000000006
581,3468.064453125,3293.53
582,3414.324951171875,3256.39
583,3353.666015625,3296.09
584,3341.171630859375,3309.75
585,3329.17333984375,3223.53
586,3298.039794921875,3063.97
587,3233.438232421875,3170.71
